﻿<?xml version="1.0" encoding="UTF-8"?>

<?xml-stylesheet type="text/xsl" href="file:practica5.xsl"?>
<perros>
    <perro>
      <raza>Chihuahua</raza>
      <nombre>Exo</nombre>
      <genero>Machito</genero>
      <edad>2 meses</edad>
    </perro>
    <perro>
      <raza>Piutbull</raza>
      <nombre>Tiger</nombre>
      <genero>Machito</genero>
       <edad>3 meses</edad>
    </perro>
    <perro>
      <raza>Pastor Aleman</raza>
      <nombre>Lobo</nombre>
      <genero>Machito</genero>
       <edad>5 meses</edad>
    </perro>
     <perro>
      <raza>Boxer</raza>
      <nombre>Jungla</nombre>
      <genero>Hembrita</genero>
       <edad>5 meses</edad>
    </perro>
</perros>